{
  "project_info": {
    "project_number": "103583297194",
    "firebase_url": "https://chats-79241.firebaseio.com",
    "project_id": "chats-79241",
    "storage_bucket": "chats-79241.appspot.com"
  },
  "client": [
    {
      "client_info": {
        "mobilesdk_app_id": "1:103583297194:android:5bc52dd2ac8a9ac9e7aad3",
        "android_client_info": {
          "package_name": "com.leschat.chats"
        }
      },
      "oauth_client": [
        {
          "client_id": "103583297194-ttp2tnbqihteh2j7rfilk2r2cic1bjb2.apps.googleusercontent.com",
          "client_type": 1,
          "android_info": {
            "package_name": "com.leschat.chats",
            "certificate_hash": "33e25aad426ef90f93d844e73341ddbd7aa9295c"
          }
        },
        {
          "client_id": "103583297194-2ph0v6o0udghd0m4bcblsjav6r4kjq8j.apps.googleusercontent.com",
          "client_type": 3
        }
      ],
      "api_key": [
        {
          "current_key": "AIzaSyCg6KuehP-BQVrw3G7-pOGaHkj3YpXppoU"
        }
      ],
      "services": {
        "appinvite_service": {
          "other_platform_oauth_client": [
            {
              "client_id": "103583297194-2ph0v6o0udghd0m4bcblsjav6r4kjq8j.apps.googleusercontent.com",
              "client_type": 3
            }
          ]
        }
      }
    }
  ],
  "configuration_version": "1"
}